date,time,content,media,hashtags
2024-10-07,09:00,Good morning! Starting the week with positive energy!,,motivation monday
2024-10-07,12:00,Lunch break thoughts: Always keep learning and growing,,
2024-10-07,19:00,Evening reminder: Small progress is still progress!,,motivation
2024-10-08,09:00,Tech Tuesday: AI is changing everything! What's your take?,image.jpg,AI tech
2024-10-08,12:00,Quick tip: Automate repetitive tasks to save time,,productivity tech
2024-10-08,19:00,Just finished an amazing project! Can't wait to share,,
2024-10-09,09:00,Wednesday wisdom: Consistency beats perfection,,wisdom
2024-10-09,12:00,Working on something exciting... Stay tuned!,,
2024-10-09,21:00,Midweek check-in: How's everyone doing?,,
2024-10-10,09:00,Throwback Thursday: Remember when we started this journey?,,throwback
2024-10-10,19:00,Almost weekend! What are your plans?,,weekend
2024-10-11,09:00,Friday motivation: Finish strong!,,friday motivation
2024-10-11,12:00,Lunch time poll: Coffee or tea?,,poll
2024-10-11,21:00,Weekend mode activated! Time to relax,,weekend
